{
  "packages": {
    "benchmark": {
      "version": "1.8.0",
      "git_shallow": false,
      "git_url": "https://github.com/google/benchmark.git",
      "git_tag": "2dd015dfef425c866d9a43f2c67d8b52d709acb6"
    },
    "bs_thread_pool": {
      "version": "4.1.0",
      "git_shallow": false,
      "git_url": "https://github.com/bshoshany/thread-pool.git",
      "git_tag": "097aa718f25d44315cadb80b407144ad455ee4f9"
    },
    "CCCL": {
      "version": "3.0.2",
      "git_shallow": false,
      "git_url": "https://github.com/NVIDIA/cccl.git",
      "git_tag": "9c40ed11560fa8ffd21abe4cdc8dc3ce875e48e3"
    },
    "cuco": {
      "version": "0.0.1",
      "git_shallow": false,
      "always_download": true,
      "git_url": "https://github.com/NVIDIA/cuCollections.git",
      "git_tag": "6d59add35767afaf8dbc03ee52f916b00cd0fb11"
    },
    "rapids_logger": {
      "version": "0.1.0",
      "git_shallow": false,
      "git_url": "https://github.com/rapidsai/rapids-logger.git",
      "git_tag": "46070bb255482f0782ca840ae45de9354380e298"
    },
    "fmt": {
      "version": "11.0.2",
      "git_shallow": false,
      "git_url": "https://github.com/fmtlib/fmt.git",
      "git_tag": "0c9fce2ffefecfdce794e1859584e25877b7b592"
    },
    "GTest": {
      "version": "1.16.0",
      "git_shallow": false,
      "git_url": "https://github.com/google/googletest.git",
      "git_tag": "6910c9d9165801d8827d628cb72eb7ea9dd538c5"
    },
    "nvbench": {
      "version": "0.0",
      "git_shallow": false,
      "git_url": "https://github.com/NVIDIA/nvbench.git",
      "git_tag": "4879607c7086f3ebae2f8b9655d0b920c41d22ef"
    },
    "nvcomp": {
      "version": "5.0.0.6",
      "git_shallow": false,
      "git_url": "https://github.com/NVIDIA/nvcomp.git",
      "git_tag": "a6e4e64a177e07cd2e5c8c5e07bb66ffefceae84",
      "proprietary_binary_cuda_version_mapping": {
        "11": "11",
        "12": "12",
        "13": "13"
      },
      "proprietary_binary": {
        "x86_64-linux": "https://developer.download.nvidia.com/compute/nvcomp/redist/nvcomp/linux-x86_64/nvcomp-linux-x86_64-${version}_cuda${cuda-toolkit-version-mapping}-archive.tar.xz",
        "aarch64-linux": "https://developer.download.nvidia.com/compute/nvcomp/redist/nvcomp/linux-sbsa/nvcomp-linux-sbsa-${version}_cuda${cuda-toolkit-version-mapping}-archive.tar.xz"
      }
    },
    "nvtx3": {
      "version": "3.2.0",
      "git_shallow": false,
      "git_url": "https://github.com/NVIDIA/NVTX.git",
      "git_tag": "69c9949150ac1c310758a304082228a36d5e4758",
      "source_subdir": "c"
    },
    "rmm": {
      "version": "${rapids-cmake-version}",
      "git_url": "https://github.com/rapidsai/rmm.git",
      "git_tag": "${rapids-cmake-checkout-tag}",
      "source_subdir": "cpp"
    },
    "spdlog": {
      "version": "1.14.1",
      "git_shallow": false,
      "git_url": "https://github.com/gabime/spdlog.git",
      "git_tag": "27cb4c76708608465c413f6d0e6b8d99a4d84302"
    }
  }
}
